{"accuracy": [0.5971264243125916, 0.8564193844795227, 0.912027895450592, 0.9404652118682861, 0.9535670876502991, 0.9641510844230652, 0.9697418212890625, 0.9755743741989136, 0.9790170192718506, 0.9812219738960266], "loss": [1.3677915334701538, 0.4526832699775696, 0.27284303307533264, 0.18594589829444885, 0.13934430480003357, 0.10796963423490524, 0.09053050726652145, 0.07385148108005524, 0.06392467021942139, 0.05781407281756401], "val_accuracy": [0.8477692008018494, 0.9136694669723511, 0.9332460761070251, 0.9414978623390198, 0.9463350772857666, 0.9608467817306519, 0.9604484438896179, 0.9573184847831726, 0.9620419144630432, 0.9630093574523926], "val_loss": [0.4784972369670868, 0.2636517286300659, 0.19887803494930267, 0.1812017858028412, 0.17092184722423553, 0.12536825239658356, 0.12366281449794769, 0.13690052926540375, 0.1281089335680008, 0.13248667120933533]}